sentence,label
"Cats are curious creatures, always exploring their surroundings with keen interest.",0
Their whiskers are sensitive tools that help them navigate and sense their environment.,0
"Cats are expert groomers, meticulously cleaning their fur to maintain cleanliness.",0
"They have sharp retractable claws that they use for climbing, scratching, and hunting.",0
"Cats are natural hunters, with keen senses of sight, hearing, and smell.",0
"Their agile bodies allow them to jump, leap, and pounce with incredible precision.",0
"Cats are territorial animals, marking their territory with scent glands on their paws and faces.",0
"They communicate through a variety of vocalizations, including meows, purrs, hisses, and chirps.",0
Cats have a strong sense of independence but also form deep bonds with their human companions.,0
"They are crepuscular creatures, most active during dawn and dusk.",0
"Cats are adept at hiding pain or illness, making regular veterinary check-ups crucial.",0
They have a flexible spine that allows them to twist and turn in narrow spaces.,0
"Cats are fastidious creatures, spending a significant amount of time grooming themselves.",0
They are social animals that enjoy the company of other cats and sometimes even dogs.,0
"Cats have a hierarchy within their social groups, with dominant and submissive behaviors.",0
"They are skilled climbers, able to scale trees, fences, and other vertical surfaces.",0
"Cats have a strong sense of balance, making them graceful and agile climbers.",0
"They are creational learners, able to adapt and learn new behaviors through observation and experience.",0
"Cats have specialized hunting techniques, using stealth and patience to catch prey.",0
"They have an innate curiosity, investigating new objects and environments with caution.",0
"Cats are territorial markers, using urine spraying and scratching to establish boundaries.",0
"They are sensitive to changes in their environment, often reacting with stress or anxiety.",0
"Cats are crepuscular hunters, relying on low light conditions for successful hunting.",0
"They have a keen sense of smell, able to detect scents from long distances.",0
"Cats have a unique hunting style, using a combination of stalking, chasing, and pouncing.",0
"They are skilled at hunting small rodents, birds, and insects.",0
"Cats have a strong prey drive, instinctively chasing and capturing moving objects.",0
"They are curious about their surroundings, often investigating new sights and sounds.",0
Cats have a natural instinct to hide or seek shelter when feeling threatened or scared.,0
"They are territorial animals, marking their territory with scent glands on their face and paws.",0
"Cats have a strong sense of balance, enabling them to walk along narrow surfaces with ease.",0
"They are meticulous groomers, spending hours licking and cleaning their fur.",0
"Cats have retractable claws that they use for climbing, scratching, and catching prey.",0
"They are skilled hunters, using stealth and patience to stalk their prey.",0
"Cats have excellent night vision, allowing them to see in low light conditions.",0
"They are crepuscular animals, most active during dawn and dusk.",0
"Cats have a wide range of vocalizations, including meows, purrs, chirps, and growls.",0
"They are social creatures, forming strong bonds with their human companions.",0
"Cats have a strong sense of smell, able to detect scents from long distances.",0
"They are curious explorers, investigating new objects and environments with caution.",0
Cats have a flexible spine that allows them to twist and turn in narrow spaces.,0
"They are territorial animals, marking their territory with scent glands on their face and paws.",0
"Cats have a strong sense of balance, enabling them to walk along narrow surfaces with ease.",0
"They are skilled climbers, able to scale trees, fences, and other vertical surfaces.",0
"Cats have a unique hunting style, using a combination of stalking, chasing, and pouncing.",0
"They are skilled at hunting small rodents, birds, and insects.",0
"Cats have a strong prey drive, instinctively chasing and capturing moving objects.",0
"They are curious about their surroundings, often investigating new sights and sounds.",0
Cats have a natural instinct to hide or seek shelter when feeling threatened or scared.,0
"They are territorial animals, marking their territory with scent glands on their face and paws.",0
"Cats have a strong sense of balance, enabling them to walk along narrow surfaces with ease.",0
"They are meticulous groomers, spending hours licking and cleaning their fur.",0
"Cats have retractable claws that they use for climbing, scratching, and catching prey.",0
"They are skilled hunters, using stealth and patience to stalk their prey.",0
"Cats have excellent night vision, allowing them to see in low light conditions.",0
"They are crepuscular animals, most active during dawn and dusk.",0
"Cats have a wide range of vocalizations, including meows, purrs, chirps, and growls.",0
"They are social creatures, forming strong bonds with their human companions.",0
"Cats have a strong sense of smell, able to detect scents from long distances.",0
"They are curious explorers, investigating new objects and environments with caution.",0
Cats have a flexible spine that allows them to twist and turn in narrow spaces.,0
"They are territorial animals, marking their territory with scent glands on their face and paws.",0
"Cats have a strong sense of balance, enabling them to walk along narrow surfaces with ease.",0
"They are skilled climbers, able to scale trees, fences, and other vertical surfaces.",0
"Cats have a unique hunting style, using a combination of stalking, chasing, and pouncing.",0
"They are skilled at hunting small rodents, birds, and insects.",0
"Cats have a strong prey drive, instinctively chasing and capturing moving objects.",0
"They are curious about their surroundings, often investigating new sights and sounds.",0
Cats have a natural instinct to hide or seek shelter when feeling threatened or scared.,0
"They are territorial animals, marking their territory with scent glands on their face and paws.",0
"Cats have a strong sense of balance, enabling them to walk along narrow surfaces with ease.",0
"They are meticulous groomers, spending hours licking and cleaning their fur.",0
"Cats have retractable claws that they use for climbing, scratching, and catching prey.",0
"They are skilled hunters, using stealth and patience to stalk their prey.",0
"Cats have excellent night vision, allowing them to see in low light conditions.",0
"They are crepuscular animals, most active during dawn and dusk.",0
"Cats have a wide range of vocalizations, including meows, purrs, chirps, and growls.",0
"They are social creatures, forming strong bonds with their human companions.",0
"Cats have a strong sense of smell, able to detect scents from long distances.",0
"They are curious explorers, investigating new objects and environments with caution.",0
Cats have a flexible spine that allows them to twist and turn in narrow spaces.,0
"They are territorial animals, marking their territory with scent glands on their face and paws.",0
"Cats have a strong sense of balance, enabling them to walk along narrow surfaces with ease.",0
"They are skilled climbers, able to scale trees, fences, and other vertical surfaces.",0
"Cats have a unique hunting style, using a combination of stalking, chasing, and pouncing.",0
"They are skilled at hunting small rodents, birds, and insects.",0
"Cats have a strong prey drive, instinctively chasing and capturing moving objects.",0
"They are curious about their surroundings, often investigating new sights and sounds.",0
Cats have a natural instinct to hide or seek shelter when feeling threatened or scared.,0
"They are territorial animals, marking their territory with scent glands on their face and paws.",0
"Cats have a strong sense of balance, enabling them to walk along narrow surfaces with ease.",0
"They are meticulous groomers, spending hours licking and cleaning their fur.",0
"Cats have retractable claws that they use for climbing, scratching, and catching prey.",0
"They are skilled hunters, using stealth and patience to stalk their prey.",0
"Cats have excellent night vision, allowing them to see in low light conditions.",0
"They are crepuscular animals, most active during dawn and dusk.",0
"Cats have a wide range of vocalizations, including meows, purrs, chirps, and growls.",0
"They are social creatures, forming strong bonds with their human companions.",0
"Cats have a strong sense of smell, able to detect scents from long distances.",0
"They are curious explorers, investigating new objects and environments with caution.",0
"Loyal companions, forging deep bonds with their human families.",1
"Their wagging tails express joy and excitement, a universal language of happiness.",1
"Possessing a keen sense of smell, they excel as trackers and detectors.",1
"Come in various breeds, each with unique characteristics and traits.",1
"Playful creatures, enjoying games of fetch, tug-of-war, and hide-and-seek.",1
"Floppy ears add to their charm, framing their expressive faces.",1
"Known for being protective of their loved ones, displaying courage and bravery.",1
"Exhibit a strong sense of loyalty, standing by their owners through thick and thin.",1
"Intelligent animals, capable of learning complex commands and tasks.",1
"Communicate through a range of vocalizations, from barks to whines.",1
"Social creatures, enjoying the company of other animals and humans.",1
Possessing a natural instinct to explore and sniff out interesting scents.,1
"Adaptable creatures, adjusting well to various living environments.",1
"Meticulously groom their coats, which come in different textures and colors.",1
Find joy in simple pleasures like a good belly rub or a playful game.,1
"Excellent watchdogs, alerting their owners to potential dangers.",1
"Forming strong bonds with one person, displaying deep loyalty and affection.",1
Exhibit a wide range of emotions through their expressive eyes.,1
Known for their obedience and willingness to please their owners.,1
"Display empathy, often sensing and responding to their owners' emotions.",1
"Trainable animals, capable of learning a variety of commands and tricks.",1
Valuable in search and rescue operations due to their keen sense of smell.,1
"Protective of their territory, showing courage and vigilance.",1
"Known for their affectionate nature, often seeking physical contact.",1
Express excitement and joy through wagging tails and happy expressions.,1
"Curious explorers, investigating new sights and sounds with enthusiasm.",1
"Watchful guardians, keeping a protective eye on their homes and families.",1
Show enthusiasm for games and activities that stimulate their minds.,1
"Forming strong bonds with their human companions, exhibiting deep loyalty.",1
"Possessing a playful spirit, enjoying toys and activities that engage them mentally.",1
"Exhibit a keen sense of smell, capable of detecting scents from far distances.",1
"Social animals, thriving in environments with opportunities for interaction.",1
"Adaptable to changes in routine and environment, displaying flexibility.",1
Known for their intelligence and ability to learn and remember tasks.,1
Displaying happiness and contentment through various vocalizations.,1
Expressing loyalty and devotion through unwavering companionship.,1
"Enjoying the company of other animals, fostering social connections.",1
"Showcasing their protective instincts, standing up for their loved ones.",1
Displaying affection and seeking comfort through physical contact.,1
Expressing curiosity and eagerness to explore new environments.,1
Demonstrating bravery and courage in challenging situations.,1
Displaying a range of emotions through their body language and vocalizations.,1
Thriving in environments that provide mental and physical stimulation.,1
Possessing a strong sense of loyalty and devotion to their owners.,1
"Known for their affectionate nature, often seeking cuddles and affection.",1
Expressing happiness and excitement through playful behaviors.,1
Displaying intelligence and problem-solving skills in various tasks.,1
Engaging in activities that promote mental and physical well-being.,1
Communicating emotions and intentions through body language and vocalizations.,1
Exhibiting a strong sense of loyalty and protectiveness towards their families.,1
Demonstrating empathy and understanding towards their human companions.,1
Expressing joy and excitement through wagging tails and happy expressions.,1
Thriving in environments that provide opportunities for social interaction.,1
Displaying curiosity and eagerness to explore new surroundings.,1
Exhibiting bravery and courage in challenging situations.,1
Expressing affection and seeking comfort through physical contact.,1
Communicating emotions and intentions through body language and vocalizations.,1
Known for their intelligence and problem-solving abilities.,1
Engaging in activities that promote mental and physical well-being.,1
Displaying loyalty and protectiveness towards their families and homes.,1
Expressing joy and excitement through playful behaviors.,1
Thriving in environments that provide opportunities for socialization.,1
Demonstrating empathy and understanding towards their human companions.,1
Exhibiting curiosity and eagerness to explore their surroundings.,1
Communicating emotions and intentions through a range of behaviors.,1
Known for their intelligence and ability to learn and remember commands.,1
Engaging in activities that stimulate their minds and bodies.,1
Displaying loyalty and protectiveness towards their loved ones.,1
Expressing happiness and excitement through wagging tails and playful behavior.,1
Thriving in environments that provide mental and physical stimulation.,1
Demonstrating empathy and understanding towards their human companions.,1
Exhibiting curiosity and eagerness to explore new environments.,1
Displaying affection and seeking comfort through physical contact.,1
Communicating emotions and intentions through body language and vocalizations.,1
Known for their intelligence and problem-solving abilities.,1
Engaging in activities that promote mental and physical well-being.,1
Displaying loyalty and protectiveness towards their families.,1
Expressing joy and excitement through playful behaviors.,1
Thriving in environments that provide opportunities for socialization.,1
Demonstrating empathy and understanding towards their human companions.,1
Exhibiting curiosity and eagerness to explore new surroundings.,1
Communicating emotions and intentions through body language and vocalizations.,1
Known for their intelligence and ability to learn and remember commands.,1
Engaging in activities that stimulate their minds and bodies.,1
Displaying loyalty and protectiveness towards their loved ones.,1
Expressing happiness and excitement through wagging tails and playful behavior.,1
Thriving in environments that provide mental and physical stimulation.,1
Demonstrating empathy and understanding towards their human companions.,1
Exhibiting curiosity and eagerness to explore new environments.,1
Communicating emotions and intentions through body language and vocalizations.,1
Known for their intelligence and problem-solving abilities.,1
Engaging in activities that promote mental and physical well-being.,1
Displaying loyalty and protectiveness towards their families.,1
Expressing joy and excitement through playful behaviors.,1
Thriving in environments that provide opportunities for socialization.,1
Demonstrating empathy and understanding towards their human companions.,1
Exhibiting curiosity and eagerness to explore new surroundings.,1
Communicating emotions and intentions through body language and vocalizations.,1
Known for their intelligence and ability to learn and remember commands.,1
Engaging in activities that stimulate their minds and bodies.,1
